5,广东县边界1

2,广东县边界2
,
2,广东县边界3
,
8,广东县边界4

3,广东县边界5
,
17,广东县边界6

16,广东县边界7
,
14,广东县边界8
,
2,广东县边界9

15,广东县边界10

3,广东县边界11
,
9,广东县边界12
,
12,广东县边界13

2,广东县边界14

10,广东县边界15

9,广东县边界16
,
2,广东县边界17

11,广东县边界18

19,广东县边界19

7,广东县边界20
,
4,广东县边界21
,
9,广东县边界22

4,广东县边界23

9,广东县边界24

2,广东县边界25
,
7,广东县边界26
,
14,广东县边界27
,
13,广东县边界28

8,广东县边界29

10,广东县边界30

10,广东县边界31

6,广东县边界32

11,广东县边界33
,
15,广东县边界34
,
7,广东县边界35
,
12,广东县边界36
,
12,广东县边界37
,
12,广东县边界38
,
6,广东县边界39
,
17,广东县边界40
,
7,广东县边界41

4,广东县边界42

9,广东县边界43

12,广东县边界44

15,广东县边界45

6,广东县边界46

13,广东县边界47

2,广东县边界48

9,广东县边界49

2,广东县边界50

2,广东县边界51

12,广东县边界52
,
2,广东县边界53
,
10,广东县边界54

13,广东县边界55

7,广东县边界56
,
10,广东县边界57

10,广东县边界58
,
8,广东县边界59
,
8,广东县边界60

13,广东县边界61

7,广东县边界62
,
2,广东县边界63
,
2,广东县边界64

2,广东县边界65
,
2,广东县边界66
,
2,广东县边界67

4,广东县边界68

6,广东县边界69
,
5,广东县边界70

2,广东县边界71

3,广东县边界72

10,广东县边界73
,
3,广东县边界74

6,广东县边界75
,
6,广东县边界76

5,广东县边界77
,
5,广东县边界78

11,广东县边界79

4,广东县边界80
,
5,广东县边界81

9,广东县边界82

3,广东县边界83

5,广东县边界84

10,广东县边界85
,
14,广东县边界86
,
13,广东县边界87

5,广东县边界88
,
11,广东县边界89
,
7,广东县边界90

7,广东县边界91
,
5,广东县边界92

4,广东县边界93
,
2,广东县边界94

3,广东县边界95
,
7,广东县边界96
,
6,广东县边界97
,
8,广东县边界98
,
2,广东县边界99

3,广东县边界100
,
16,广东县边界101
,
2,广东县边界102

11,广东县边界103
,
10,广东县边界104
,
7,广东县边界105

7,广东县边界106
,
2,广东县边界107
,
4,广东县边界108
,
2,广东县边界109
,
7,广东县边界110

4,广东县边界111
,
8,广东县边界112
,
8,广东县边界113
,
3,广东县边界114
,
7,广东县边界115

6,广东县边界116

3,广东县边界117

8,广东县边界118
,
2,广东县边界119

4,广东县边界120
,
2,广东县边界121

3,广东县边界122
,
4,广东县边界123
,
4,广东县边界124

11,广东县边界125
,
6,广东县边界126

2,广东县边界127

13,广东县边界128
,
7,广东县边界129

3,广东县边界130

2,广东县边界131

2,广东县边界132

7,广东县边界133
,
11,广东县边界134
,
5,广东县边界135
,
6,广东县边界136
,
6,广东县边界137
,
2,广东县边界138

2,广东县边界139
,
5,广东县边界140

2,广东县边界141
,
2,广东县边界142

7,广东县边界143

4,广东县边界144

3,广东县边界145

2,广东县边界146
,
4,广东县边界147
,
7,广东县边界148
,
7,广东县边界149

13,广东县边界150

3,广东县边界151
,
11,广东县边界152

7,广东县边界153
,
2,广东县边界154

23,广东县边界155

3,广东县边界156

7,广东县边界157

2,广东县边界158
,
8,广东县边界159
,
3,广东县边界160

3,广东县边界161
,
2,广东县边界162
,
2,广东县边界163
,
7,广东县边界164
,
19,广东县边界165

2,广东县边界166

4,广东县边界167
,
4,广东县边界168
,
5,广东县边界169

16,广东县边界170
,
4,广东县边界171

2,广东县边界172

8,广东县边界173
,
12,广东县边界174
,
2,广东县边界175
,
2,广东县边界176
,
2,广东县边界177

2,广东县边界178

2,广东县边界179
,
2,广东县边界180

2,广东县边界181
,
2,广东县边界182

2,广东县边界183
,
10,广东县边界184
,
7,广东县边界185
,
2,广东县边界186
,
4,广东县边界187

9,广东县边界188

2,广东县边界189

3,广东县边界190
,
2,广东县边界191

2,广东县边界192

2,广东县边界193
,
3,广东县边界194

2,广东县边界195

2,广东县边界196

2,广东县边界197
,
4,广东县边界198

2,广东县边界199
,
2,广东县边界200

4,广东县边界201
,
2,广东县边界202

4,广东县边界203
,
5,广东县边界204

3,广东县边界205

4,广东县边界206
,
2,广东县边界207
,
10,广东县边界208

9,广东县边界209

2,广东县边界210
,
2,广东县边界211

2,广东县边界212
,
2,广东县边界213
,
3,广东县边界214
,
5,广东县边界215
,
7,广东县边界216
,
2,广东县边界217

5,广东县边界218
,
12,广东县边界219
,
7,广东县边界220

3,广东县边界221
,
3,广东县边界222
,
4,广东县边界223

2,广东县边界224

5,广东县边界225
,
13,广东县边界226

7,广东县边界227
,
2,广东县边界228
,
14,广东县边界229
,
2,广东县边界230
,
18,广东县边界231
,
6,广东县边界232
13,广东县边界233
,
6,广东县边界234

2,广东县边界235

2,广东县边界236
,
8,广东县边界237
,
2,广东县边界238
,
2,广东县边界239
,
2,广东县边界240
,
2,广东县边界241
,
12,广东县边界242
,
2,广东县边界243

11,广东县边界244
,
6,广东县边界245
,
13,广东县边界246
,
3,广东县边界247

2,广东县边界248

3,广东县边界249

2,广东县边界250
,
8,广东县边界251
,
19,广东县边界252
,
13,广东县边界253

2,广东县边界254

2,广东县边界255
,
5,广东县边界256
,
3,广东县边界257
,
11,广东县边界258

6,广东县边界259

5,广东县边界260
,
2,广东县边界261

7,广东县边界262

6,广东县边界263
,
7,广东县边界264

2,广东县边界265

2,广东县边界266

2,广东县边界267

2,广东县边界268
,
5,广东县边界269

14,广东县边界270

11,广东县边界271

2,广东县边界272

24,广东县边界273
,
2,广东县边界274
,
10,广东县边界275
,
5,广东县边界276
,
3,广东县边界277

8,广东县边界278
,
3,广东县边界279

5,广东县边界280
,
8,广东县边界281
,
2,广东县边界282

2,广东县边界283
,
34,广东县边界284

2,广东县边界285
,
5,广东县边界286

5,广东县边界287

6,广东县边界288

2,广东县边界289
,
2,广东县边界290
,
7,广东县边界291

28,广东县边界292

7,广东县边界293

8,广东县边界294
,
5,广东县边界295
,
2,广东县边界296
,
2,广东县边界297

3,广东县边界298
,
5,广东县边界299

3,广东县边界300

3,广东县边界301
,
5,广东县边界302

7,广东县边界303
,
5,广东县边界304
,
7,广东县边界305

2,广东县边界306
,
11,广东县边界307
,
2,广东县边界308
,
22,广东县边界309

2,广东县边界310

8,广东县边界311
,

6,广东县边界312

13,广东县边界313
,
4,广东县边界314

2,广东县边界315
,
6,广东县边界316

2,广东县边界317
,
2,广东县边界318

4,广东县边界319

8,广东县边界320
,
19,广东县边界321

13,广东县边界322

18,广东县边界323

9,广东县边界324

17,广东县边界325

3,广东县边界326
,
10,广东县边界327

15,广东县边界328
,
6,广东县边界329

3,广东县边界330

2,广东县边界331
,
3,广东县边界332
,
11,广东县边界333
,
8,广东县边界334
,
18,广东县边界335

11,广东县边界336

2,广东县边界337

6,广东县边界338

11,广东县边界339
,
7,广东县边界340

9,广东县边界341

16,广东县边界342
,
4,广东县边界343

2,广东县边界344

14,广东县边界345

2,广东县边界346

10,广东县边界347
,
2,广东县边界348
,
2,广东县边界349
